{"cameraMode":{"drawMode":0,"name":"Shaded","section":"Shading Mode"},"sceneLighting":false,"audioPlay":false,"sceneViewState":{"showFog":true,"showMaterialUpdate":false,"showSkybox":true,"showFlares":true,"showImageEffects":true,"showParticleSystems":true},"in2DMode":false,"pivot":{"x":-4.144118785858154,"y":20.556806564331056,"z":46.03799819946289},"rotation":{"x":0.23790350556373597,"y":-0.598297119140625,"z":0.1921878159046173,"w":0.7406121492385864},"size":60.13751983642578,"orthographic":false}