{"cameraMode":{"drawMode":0,"name":"Shaded","section":"Shading Mode"},"sceneLighting":false,"audioPlay":false,"sceneViewState":{"showFog":true,"showMaterialUpdate":false,"showSkybox":true,"showFlares":true,"showImageEffects":true,"showParticleSystems":true},"in2DMode":false,"pivot":{"x":-1.8506485223770142,"y":8.744009017944336,"z":87.83948516845703},"rotation":{"x":0.23790350556373597,"y":-0.598297119140625,"z":0.1921878159046173,"w":0.7406121492385864},"size":6897.47607421875,"orthographic":false}