{"cameraMode":{"drawMode":0,"name":"Shaded","section":"Shading Mode"},"sceneLighting":false,"audioPlay":false,"sceneViewState":{"showFog":true,"showMaterialUpdate":false,"showSkybox":true,"showFlares":true,"showImageEffects":true,"showParticleSystems":true},"in2DMode":false,"pivot":{"x":0.34254342317581179,"y":0.40363842248916628,"z":0.20896285772323609},"rotation":{"x":-0.290010005235672,"y":0.021797440946102144,"z":-0.006607370916754007,"w":-0.956752598285675},"size":12.366739273071289,"orthographic":false}