{"cameraMode":{"drawMode":0,"name":"Shaded","section":"Shading Mode"},"sceneLighting":false,"audioPlay":false,"sceneViewState":{"showFog":true,"showMaterialUpdate":false,"showSkybox":true,"showFlares":true,"showImageEffects":true,"showParticleSystems":true},"in2DMode":false,"pivot":{"x":-1.8506485223770142,"y":8.744009017944336,"z":87.83948516845703},"rotation":{"x":-0.06796161830425263,"y":0.9264371991157532,"z":-0.20358121395111085,"w":-0.3092736303806305},"size":30.77462387084961,"orthographic":false}