{"cameraMode":{"drawMode":0,"name":"Shaded","section":"Shading Mode"},"sceneLighting":false,"audioPlay":false,"sceneViewState":{"showFog":true,"showMaterialUpdate":false,"showSkybox":true,"showFlares":true,"showImageEffects":true,"showParticleSystems":true},"in2DMode":false,"pivot":{"x":691.7484130859375,"y":435.696044921875,"z":291.577392578125},"rotation":{"x":-0.1170332133769989,"y":0.01102040708065033,"z":-0.0012989025563001633,"w":-0.9930660128593445},"size":774.1589965820313,"orthographic":false}