{"cameraMode":{"drawMode":0,"name":"Shaded","section":"Shading Mode"},"sceneLighting":false,"audioPlay":false,"sceneViewState":{"showFog":true,"showMaterialUpdate":false,"showSkybox":true,"showFlares":true,"showImageEffects":true,"showParticleSystems":true},"in2DMode":false,"pivot":{"x":-0.0000021750784071628006,"y":-0.000005826077540405095,"z":0.00004111940506845713},"rotation":{"x":-0.25966593623161318,"y":0.5583226084709168,"z":-0.18956373631954194,"w":-0.7647973895072937},"size":0.00005715767838410102,"orthographic":false}