{"cameraMode":{"drawMode":0,"name":"Shaded","section":"Shading Mode"},"sceneLighting":false,"audioPlay":false,"sceneViewState":{"showFog":true,"showMaterialUpdate":false,"showSkybox":true,"showFlares":true,"showImageEffects":true,"showParticleSystems":true},"in2DMode":false,"pivot":{"x":8.797982215881348,"y":13.40954875946045,"z":80.36290740966797},"rotation":{"x":-0.06796161830425263,"y":0.9264371991157532,"z":-0.20358121395111085,"w":-0.3092736303806305},"size":44.9472770690918,"orthographic":false}