{"cameraMode":{"drawMode":0,"name":"Shaded","section":"Shading Mode"},"sceneLighting":false,"audioPlay":false,"sceneViewState":{"showFog":true,"showMaterialUpdate":false,"showSkybox":true,"showFlares":true,"showImageEffects":true,"showParticleSystems":true},"in2DMode":false,"pivot":{"x":-3.9710118770599367,"y":-1.6124500036239625,"z":-5.323453426361084},"rotation":{"x":-0.12402309477329254,"y":0.8505716919898987,"z":-0.23157085478305818,"w":-0.4555448293685913},"size":35.308837890625,"orthographic":false}