{"cameraMode":{"drawMode":0,"name":"Shaded","section":"Shading Mode"},"sceneLighting":false,"audioPlay":false,"sceneViewState":{"showFog":true,"showMaterialUpdate":false,"showSkybox":true,"showFlares":true,"showImageEffects":true,"showParticleSystems":true},"in2DMode":false,"pivot":{"x":0.6060066223144531,"y":2.760526657104492,"z":97.71685791015625},"rotation":{"x":-0.06796161830425263,"y":0.9264371991157532,"z":-0.20358121395111085,"w":-0.3092736303806305},"size":3.549791097640991,"orthographic":false}