{"cameraMode":{"drawMode":0,"name":"Shaded","section":"Shading Mode"},"sceneLighting":false,"audioPlay":false,"sceneViewState":{"showFog":true,"showMaterialUpdate":false,"showSkybox":true,"showFlares":true,"showImageEffects":true,"showParticleSystems":true},"in2DMode":false,"pivot":{"x":0.2063373327255249,"y":-0.9040114879608154,"z":1.297796607017517},"rotation":{"x":-0.13468143343925477,"y":0.8077020049095154,"z":-0.5370787978172302,"w":-0.2025456428527832},"size":3.6000568866729738,"orthographic":false}