{"cameraMode":{"drawMode":0,"name":"Shaded","section":"Shading Mode"},"sceneLighting":false,"audioPlay":false,"sceneViewState":{"showFog":true,"showMaterialUpdate":false,"showSkybox":true,"showFlares":true,"showImageEffects":true,"showParticleSystems":true},"in2DMode":false,"pivot":{"x":-30.999008178710939,"y":0.30729246139526369,"z":96.35247802734375},"rotation":{"x":-0.0741463303565979,"y":0.6476578712463379,"z":-0.06355057656764984,"w":-0.7556474208831787},"size":43.208213806152347,"orthographic":false}