{"cameraMode":{"drawMode":0,"name":"Shaded","section":"Shading Mode"},"sceneLighting":true,"audioPlay":false,"sceneViewState":{"showFog":true,"showMaterialUpdate":false,"showSkybox":true,"showFlares":true,"showImageEffects":true,"showParticleSystems":true},"in2DMode":false,"pivot":{"x":-1.041055679321289,"y":1.9262170791625977,"z":-2.4642276763916017},"rotation":{"x":-0.0933331698179245,"y":0.890619158744812,"z":-0.21258634328842164,"w":-0.3910159468650818},"size":34.848388671875,"orthographic":false}