{"cameraMode":{"drawMode":0,"name":"Shaded","section":"Shading Mode"},"sceneLighting":false,"audioPlay":false,"sceneViewState":{"showFog":true,"showMaterialUpdate":false,"showSkybox":true,"showFlares":true,"showImageEffects":true,"showParticleSystems":true},"in2DMode":false,"pivot":{"x":-15.598840713500977,"y":-14.240842819213868,"z":94.3408432006836},"rotation":{"x":-0.3360239565372467,"y":0.5885459184646606,"z":-0.2932901680469513,"w":-0.6743015646934509},"size":26.504648208618165,"orthographic":false}