{"cameraMode":{"drawMode":0,"name":"Shaded","section":"Shading Mode"},"sceneLighting":false,"audioPlay":false,"sceneViewState":{"showFog":true,"showMaterialUpdate":false,"showSkybox":true,"showFlares":true,"showImageEffects":true,"showParticleSystems":true},"in2DMode":false,"pivot":{"x":-4.144118785858154,"y":20.556806564331056,"z":46.03799819946289},"rotation":{"x":-0.06796161830425263,"y":0.9264371991157532,"z":-0.20358121395111085,"w":-0.3092736303806305},"size":60.13751983642578,"orthographic":false}