{"cameraMode":{"drawMode":0,"name":"Shaded","section":"Shading Mode"},"sceneLighting":false,"audioPlay":false,"sceneViewState":{"showFog":true,"showMaterialUpdate":false,"showSkybox":true,"showFlares":true,"showImageEffects":true,"showParticleSystems":true},"in2DMode":false,"pivot":{"x":0.07275837659835816,"y":0.2532414197921753,"z":4.587637901306152},"rotation":{"x":-0.0019511869177222252,"y":0.995326817035675,"z":0.020589128136634828,"w":0.09432301670312882},"size":6.881789207458496,"orthographic":false}