{"cameraMode":{"drawMode":0,"name":"Shaded","section":"Shading Mode"},"sceneLighting":false,"audioPlay":false,"sceneViewState":{"showFog":true,"showMaterialUpdate":false,"showSkybox":true,"showFlares":true,"showImageEffects":true,"showParticleSystems":true},"in2DMode":false,"pivot":{"x":-0.8299999237060547,"y":2.261282444000244,"z":95.14339447021485},"rotation":{"x":-0.3591925799846649,"y":-0.4750250279903412,"z":0.22091662883758546,"w":-0.7723520994186401},"size":14.741994857788086,"orthographic":false}