{"cameraMode":{"drawMode":0,"name":"Shaded","section":"Shading Mode"},"sceneLighting":false,"audioPlay":false,"sceneViewState":{"showFog":true,"showMaterialUpdate":false,"showSkybox":true,"showFlares":true,"showImageEffects":true,"showParticleSystems":true},"in2DMode":false,"pivot":{"x":-1.8506485223770142,"y":8.744009017944336,"z":87.83948516845703},"rotation":{"x":-0.3591925799846649,"y":-0.4750250279903412,"z":0.22091662883758546,"w":-0.7723520994186401},"size":30.77462387084961,"orthographic":false}