{"cameraMode":{"drawMode":0,"name":"Shaded","section":"Shading Mode"},"sceneLighting":false,"audioPlay":false,"sceneViewState":{"showFog":true,"showMaterialUpdate":false,"showSkybox":true,"showFlares":true,"showImageEffects":true,"showParticleSystems":true},"in2DMode":false,"pivot":{"x":8.797982215881348,"y":13.40954875946045,"z":80.36290740966797},"rotation":{"x":-0.3591925799846649,"y":-0.4750250279903412,"z":0.22091662883758546,"w":-0.7723520994186401},"size":44.9472770690918,"orthographic":false}