{"cameraMode":{"drawMode":0,"name":"Shaded","section":"Shading Mode"},"sceneLighting":false,"audioPlay":false,"sceneViewState":{"showFog":true,"showMaterialUpdate":false,"showSkybox":true,"showFlares":true,"showImageEffects":true,"showParticleSystems":true},"in2DMode":false,"pivot":{"x":-4.144118785858154,"y":20.556806564331056,"z":46.03799819946289},"rotation":{"x":-0.3591925799846649,"y":-0.4750250279903412,"z":0.22091662883758546,"w":-0.7723520994186401},"size":65.67167663574219,"orthographic":false}