{"cameraMode":{"drawMode":0,"name":"Shaded","section":"Shading Mode"},"sceneLighting":false,"audioPlay":false,"sceneViewState":{"showFog":true,"showMaterialUpdate":false,"showSkybox":true,"showFlares":true,"showImageEffects":true,"showParticleSystems":true},"in2DMode":false,"pivot":{"x":66.88542175292969,"y":74.68775939941406,"z":14.818309783935547},"rotation":{"x":-0.230958953499794,"y":-0.7391582727432251,"z":0.3093011975288391,"w":-0.5519381761550903},"size":0.01574850082397461,"orthographic":false}