{"cameraMode":{"drawMode":0,"name":"Shaded","section":"Shading Mode"},"sceneLighting":false,"audioPlay":false,"sceneViewState":{"showFog":true,"showMaterialUpdate":false,"showSkybox":true,"showFlares":true,"showImageEffects":true,"showParticleSystems":true},"in2DMode":false,"pivot":{"x":33.51927185058594,"y":37.28407287597656,"z":7.182561874389648},"rotation":{"x":0.2866195738315582,"y":0.32079800963401797,"z":-0.10251646488904953,"w":0.8968992233276367},"size":1119.824951171875,"orthographic":false}