{"cameraMode":{"drawMode":0,"name":"Shaded","section":"Shading Mode"},"sceneLighting":true,"audioPlay":false,"sceneViewState":{"showFog":true,"showMaterialUpdate":false,"showSkybox":true,"showFlares":true,"showImageEffects":true,"showParticleSystems":true},"in2DMode":false,"pivot":{"x":305.0336608886719,"y":-494.2508544921875,"z":67.59471893310547},"rotation":{"x":0.3594173789024353,"y":0.6055464148521423,"z":-0.3534269630908966,"w":0.615810215473175},"size":1079.856689453125,"orthographic":false}